,data,type
0,Aabenraa,Location
1,Aagotnes,Location
2,Aalborg,Location
3,Aalesund,Location
4,Aardalstangen,Location
5,Aarhus,Location
6,Aasiaat,Location
7,Abadan,Location
8,Abashiri,Location
9,Abbot Point,Location
10,Aberdeen,Location
11,Abidjan,Location
12,Abo Terminal,Location
13,Aboshi,Location
14,Aboshi,Location
15,Abu al Bukhoosh Terminal,Location
16,Abu Dhabi,Location
17,Abu Kammash,Location
18,Abu Kir,Location
19,Abu Zenima,Location
20,Acajutla,Location
21,Acapulco,Location
22,Achladi,Location
23,Adabiya,Location
24,Adelaide,Location
25,Aden,Location
26,Aeroskobing,Location
27,Agadir,Location
28,Agbami Terminal,Location
29,Agioi Theodoroi,Location
30,Aguadulce,Location
31,Aguirre,Location
32,Ahus,Location
33,Ain Sukhna Terminal,Location
34,Aioi,Location
35,Ajaccio,Location
36,Ajman,Location
37,Akita,Location
38,Akranes,Location
39,Akranes,Location
40,Aktau,Location
41,Akureyri,Location
42,Al Basra Terminal,Location
43,Al Jazeera,Location
44,Al Shaheen Terminal,Location
45,Alameda,Location
46,Alanya,Location
47,Albany,Location
48,Albany,Location
49,Alcudia,Location
50,Alderney,Location
51,Aleksandrovsk-Sakhalinskiy,Location
52,Alexandria,Location
53,Alexandria,Location
54,Alexandroupolis,Location
55,Algeciras,Location
56,Alghero,Location
57,Algiers,Location
58,Aliaga,Location
59,Alicante,Location
60,Aliveri,Location
61,Allardyce Harbour,Location
62,Almeria,Location
63,Almirante,Location
64,Alotau,Location
65,Alta,Location
66,Altamira,Location
67,Alumar,Location
68,Alumar,Location
69,Amagasaki,Location
70,Amamapare,Location
71,Ambarli,Location
72,Ambes,Location
73,Ambes,Location
74,Ambon,Location
75,Ambriz,Location
76,Amirabad,Location
77,Ammassalik,Location
78,Amsterdam,Location
79,Amuay Bay,Location
80,An Ping,Location
81,Anacortes,Location
82,Anadyr,Location
83,Anapa,Location
84,Anchorage,Location
85,Ancona,Location
86,Andres,Location
87,Anewa Bay,Location
88,Angoon,Location
89,Angra do Heroismo,Location
90,Angra dos Reis,Location
91,Annaba,Location
92,Anoa Terminal,Location
93,Anqing,Location
94,Antalya,Location
95,Antan Terminal,Location
96,Antilla,Location
97,Antofagasta,Location
98,Antsiranana,Location
99,Antwerp,Location
100,Anzio,Location
101,Aomori,Location
102,Apapa-Lagos,Location
103,Aparri,Location
104,Apia,Location
105,Appledore,Location
106,Apra,Location
107,Aqaba,Location
108,Aracaju,Location
109,Aratu,Location
110,Araya,Location
111,Arbatax,Location
112,Archangel,Location
113,Ardrishaig,Location
114,Ardrossan,Location
115,Ardrossan,Location
116,Arecibo,Location
117,Arendal,Location
118,Argentia,Location
119,Argostoli,Location
120,Arguineguin,Location
121,Arica,Location
122,Arjuna Terminal,Location
123,Arklow,Location
124,Armuelles,Location
125,Arrecife,Location
126,Arroyo Barril,Location
127,Arroyo Seco,Location
128,Arzew,Location
129,Asaluyeh Terminal,Location
130,Ash Shihr Terminal,Location
131,Ashdod,Location
132,Ashkelon,Location
133,Ashland,Location
134,Ashtabula,Location
135,Ashtart Terminal,Location
136,Asnaesvaerkets Havn,Location
137,Aspropyrgos,Location
138,Assab,Location
139,Assens,Location
140,Astakos-Platiyali,Location
141,Astoria,Location
142,Astrakhan,Location
143,Asuncion,Location
144,Atsumi,Location
145,Atucha,Location
146,Auckland,Location
147,Augusta,Location
148,Avatiu,Location
149,Aveiro,Location
150,Aviles,Location
151,Ayia Marina,Location
152,Ayios Nikolaos (Crete),Location
153,Ayr,Location
154,Azov,Location
155,Ba Vi Terminal,Location
156,Bagnoli,Location
157,Bahe,Location
158,Bahia Blanca,Location
159,Bahia Honda,Location
160,Bainbridge,Location
161,Bajo Grande,Location
162,Baku,Location
163,Balao Terminal,Location
164,Balboa,Location
165,Balikpapan,Location
166,Ballast Head,Location
167,Balongan Terminal,Location
168,Baltimore,Location
169,Baltiysk,Location
170,Bamble,Location
171,Banaba,Location
172,Banana,Location
173,Bandar Abbas,Location
174,Bandar Anzali,Location
175,Bandar Imam Khomeini,Location
176,Bandar Mahshahr,Location
177,Bandholm,Location
178,Bandirma,Location
179,Bangkok,Location
180,Bangor,Location
181,Bangor,Location
182,Banias,Location
183,Banjarmasin,Location
184,Banjul,Location
185,Banten,Location
186,Bantry Bay,Location
187,Baobab Terminal,Location
188,Bar,Location
189,Baracoa,Location
190,Barahona,Location
191,Barbers Point,Location
192,Barcadera,Location
193,Barcelona,Location
194,Bari,Location
195,Barletta,Location
196,Barranqueras,Location
197,Barranquilla,Location
198,Barrow Island Terminal,Location
199,Barrow-in-Furness,Location
200,Barry,Location
201,Bashayer Terminal,Location
202,Basle,Location
203,Basse Terre,Location
204,Basseterre,Location
205,Bastia,Location
206,Basuo,Location
207,Bata,Location
208,Batangas,Location
209,Bathurst,Location
210,Baton Rouge,Location
211,Batumi,Location
212,Bauan,Location
213,Bay City,Location
214,Bayonne,Location
215,Bayonne,Location
216,Bayside,Location
217,Beaumont,Location
218,Becancour,Location
219,Bedi,Location
220,Beihai,Location
221,Beijiao,Location
222,Beiliang,Location
223,Beipei,Location
224,Beira,Location
225,Beirut,Location
226,Bejaia,Location
227,Bekapai Terminal,Location
228,Bekker,Location
229,Belawan,Location
230,Belekeri,Location
231,Belem,Location
232,Belfast,Location
233,Belgorod-Dnestrovskiy,Location
234,Belgrade,Location
235,Belize City,Location
236,Belledune,Location
237,Bellingham,Location
238,Ben Nghe,Location
239,Ben Nghe,Location
240,Benchamas Terminal,Location
241,Bengbu,Location
242,Benghazi,Location
243,Bengkalis,Location
244,Bengkulu,Location
245,Beni Saf,Location
246,Benicia,Location
247,Benoa,Location
248,Berbera,Location
249,Berdiansk,Location
250,Bergen,Location
251,Bergkvara,Location
252,Bermeo,Location
253,Berwick-upon-Tweed,Location
254,Bethel,Location
255,Betio,Location
256,Beypore,Location
257,Bhavnagar,Location
258,Biak,Location
259,Bideford,Location
260,Big Creek,Location
261,Bilbao,Location
262,Bima,Location
263,Bima Terminal,Location
264,Binh Duong,Location
265,Binhai,Location
266,Bintulu,Location
267,Bird Port,Location
268,Bissau,Location
269,Bitung,Location
270,Bizerta,Location
271,Blang Lancang,Location
272,Blaye,Location
273,Blaye,Location
274,Bluff,Location
275,Blyth,Location
276,Boca Chica,Location
277,Boca Grande,Location
278,Bodo,Location
279,Bodrum,Location
280,Bolungarvik,Location
281,Boma,Location
282,Bong Sen,Location
283,Bonga Terminal,Location
284,Bongkot Terminal,Location
285,Bonifacio,Location
286,Bonny,Location
287,Bontang,Location
288,Boqueron,Location
289,Bordeaux,Location
290,Borg Harbour,Location
291,Boston,Location
292,Boston,Location
293,Botany Bay,Location
294,Botwood,Location
295,Boulogne,Location
296,Bourgas,Location
297,Bowen,Location
298,Braefoot Bay,Location
299,Braila,Location
300,Brake,Location
301,Brass Terminal,Location
302,Bratislava,Location
303,Bremen,Location
304,Bremerhaven,Location
305,Brest,Location
306,Bridgeport,Location
307,Bridgetown,Location
308,Bridgwater,Location
309,Bridport,Location
310,Brightlingsea,Location
311,Brighton,Location
312,Brindisi,Location
313,Brisbane,Location
314,Bristol,Location
315,Brixham,Location
316,Brofjorden,Location
317,Bromborough,Location
318,Bromborough,Location
319,Bronnoysund,Location
320,Broome,Location
321,Brownsville,Location
322,Bruges,Location
323,Brunsbuttel,Location
324,Brunswick,Location
325,Brussels,Location
326,Bualuang Terminal,Location
327,Buchanan,Location
328,Buckie,Location
329,Bucksport,Location
330,Buenaventura,Location
331,Buenos Aires,Location
332,Buffalo,Location
333,Bula,Location
334,Bullen Bay,Location
335,Bunbury,Location
336,Bundaberg,Location
337,Burela,Location
338,Burghead,Location
339,Burnie,Location
340,Burns Harbour,Location
341,Burnside,Location
342,Burriana,Location
343,Burton upon Stather,Location
344,Burutu,Location
345,Busan,Location
346,Bushire,Location
347,Busselton,Location
348,Busum,Location
349,Butinge Terminal,Location
350,Butzfleth,Location
351,Cabanas,Location
352,Cabedelo,Location
353,Cabinda,Location
354,Cabo Negro,Location
355,Cabo Negro,Location
356,Cabo Rojo,Location
357,Cabo San Lucas,Location
358,Cadiz,Location
359,Caen,Location
360,Cagayan de Oro,Location
361,Cagliari,Location
362,Caibarien,Location
363,Cairns,Location
364,Calabar,Location
365,Calais,Location
366,Calbuco,Location
367,Caldera,Location
368,Caldera,Location
369,Caleta Clarencia,Location
370,Caleta Clarencia,Location
371,Caleta Patillos,Location
372,Caleta Paula,Location
373,Callao,Location
374,Calvi,Location
375,Cam Pha,Location
376,Cam Ranh,Location
377,Camden,Location
378,Campana,Location
379,Campbeltown,Location
380,Can Tho,Location
381,Canakkale,Location
382,Canical,Location
383,Canuku Terminal,Location
384,Canvey Island,Location
385,Caofeidian,Location
386,Caofeidian,Location
387,Cap Haitien,Location
388,Cap Lopez,Location
389,Cape Cuvier,Location
390,Cape Flattery,Location
391,Cape Palmas,Location
392,Cape Town,Location
393,Caracas Bay,Location
394,Caraquet,Location
395,Carboneras,Location
396,Cardenas,Location
397,Cardiff,Location
398,Caripito,Location
399,Carrickfergus,Location
400,Cartagena,Location
401,Cartagena,Location
402,Carupano,Location
403,Casablanca,Location
404,Casilda,Location
405,Castellammare di Stabia,Location
406,Castellon,Location
407,Castle Island,Location
408,Castletown,Location
409,Castletownbere,Location
410,Castries,Location
411,Castro,Location
412,Catalina,Location
413,Catania,Location
414,Catherine Hill Bay,Location
415,Catoosa,Location
416,Caucedo,Location
417,Cayman Brac,Location
418,Cayo Arcas Terminal,Location
419,Cayo Moa,Location
420,Cebu,Location
421,Ceiba Terminal,Location
422,Celukan Bawang,Location
423,Cendor Terminal,Location
424,Cesme,Location
425,Ceuta,Location
426,Ceyhan,Location
427,Chacabuco,Location
428,Chaguaramas,Location
429,Chah Bahar,Location
430,Chalkis,Location
431,Chan May,Location
432,Chanaral,Location
433,Chandler,Location
434,Changde,Location
435,Changsha,Location
436,Changshu,Location
437,Changzhou,Location
438,Chaozhou,Location
439,Charco Azul,Location
440,Charleston,Location
441,Charlevoix,Location
442,Charlottetown,Location
443,Chatham,Location
444,Chatham,Location
445,Chemainus,Location
446,Chenglingji,Location
447,Chennai,Location
448,Cherbourg,Location
449,Cherchell,Location
450,Chernomorsk,Location
451,Chi Lang Terminal,Location
452,Chi Linh Terminal,Location
453,Chiba,Location
454,Chicago,Location
455,Chichiriviche,Location
456,Chimbote,Location
457,Chioggia,Location
458,Chios,Location
459,Chiriqui Grande,Location
460,Chittagong,Location
461,Chiwan,Location
462,Chizhou,Location
463,Chongjin,Location
464,Chongming,Location
465,Chongqing,Location
466,Christiansted,Location
467,Chuansha,Location
468,Churchill,Location
469,Cienfuegos,Location
470,Cigading,Location
471,Cilacap,Location
472,Cinta Terminal,Location
473,Cirebon,Location
474,Ciro Marina,Location
475,Ciudad Bolivar,Location
476,Ciudad del Carmen,Location
477,Civitavecchia,Location
478,Claveria,Location
479,Cleveland,Location
480,Cliffe,Location
481,Coatzacoalcos,Location
482,Coco Solo,Location
483,Coffs Harbour,Location
484,Colachel,Location
485,Colchester,Location
486,Cold Bay,Location
487,Coleraine,Location
488,Collingwood,Location
489,Collo,Location
490,Cologne,Location
491,Colombo,Location
492,Colonia,Location
493,Columbus (Georgia),Location
494,Columbus (MIssissippi),Location
495,Come by Chance,Location
496,Comeau Bay,Location
497,Comodoro Rivadavia,Location
498,Conakry,Location
499,Concarneau,Location
500,Concepcion del Uruguay,Location
501,Conchan,Location
502,Conneaut,Location
503,Constantza,Location
504,Contrecoeur,Location
505,Cooktown,Location
506,Coos Bay,Location
507,Copenhagen,Location
508,Coquimbo,Location
509,Corcubion,Location
510,Cordova,Location
511,Corfu,Location
512,Corinto,Location
513,Cork,Location
514,Corner Brook,Location
515,Cornwall,Location
516,Coronel,Location
517,Corpach,Location
518,Corpus Christi,Location
519,Corral,Location
520,Corunna,Location
521,Coryton,Location
522,Cossack Pioneer Terminal,Location
523,Cotonou,Location
524,Cove Point,Location
525,Covenas,Location
526,Cowes,Location
527,Cowichan Bay,Location
528,Cozumel,Location
529,Craig,Location
530,Creeksea,Location
531,Cristobal,Location
532,Crofton,Location
533,Crotone,Location
534,Cua Cam,Location
535,Cuddalore,Location
536,Cul de Sac,Location
537,Cumana,Location
538,Cumarebo,Location
539,Currimao,Location
540,Cutuco,Location
541,Cuxhaven,Location
542,Da Chan Bay,Location
543,Da Nang,Location
544,Dabo,Location
545,Daesan,Location
546,Dafeng,Location
547,Dahej,Location
548,Dakar,Location
549,Dakhla (Western Sahara),Location
550,Dalhousie,Location
551,Dalia Terminal,Location
552,Dalian,Location
553,Dalvik,Location
554,Dam Mon,Location
555,Damietta,Location
556,Dammam,Location
557,Dampier,Location
558,Dandong,Location
559,Dar es Salaam,Location
560,Darica,Location
561,Darlowo,Location
562,Dartmouth,Location
563,Darwin,Location
564,Das Island,Location
565,Davao,Location
566,Davisville,Location
567,De Kastri,Location
568,Decatur,Location
569,Degema,Location
570,Degerhamn,Location
571,Degrad des Cannes,Location
572,Del Guazu,Location
573,Delfzijl,Location
574,Dellys,Location
575,Den Helder,Location
576,Derby,Location
577,Derince,Location
578,Derna,Location
579,Detroit,Location
580,Devonport,Location
581,Dhamra,Location
582,Dhekelia,Location
583,Dhuba,Location
584,Diamante,Location
585,Dieppe,Location
586,Digang,Location
587,Dikili,Location
588,Diliskelesi,Location
589,Djen Djen,Location
590,Djeno Terminal,Location
591,Djibouti,Location
592,Djupivogur,Location
593,Dneprobugskiy,Location
594,Doan Xa,Location
595,Doha,Location
596,Doha,Location
597,Dong Nai,Location
598,Dong Thap,Location
599,Donges,Location
600,Dongguan,Location
601,Donghae,Location
602,Donglian,Location
603,Dongshan,Location
604,Dongtai,Location
605,Dordrecht,Location
606,Dortyol,Location
607,Dos Bocas,Location
608,Douala,Location
609,Douglas,Location
610,Douro,Location
611,Dover,Location
612,Drammen,Location
613,Drift River Terminal,Location
614,Drogheda,Location
615,Dublin,Location
616,Dubrovnik,Location
617,Duisburg,Location
618,Dulang Terminal,Location
619,Duluth,Location
620,Dumaguete,Location
621,Dumai,Location
622,Dun Laoghaire,Location
623,Duncan Bay,Location
624,Dundalk,Location
625,Dundee,Location
626,Dunedin,Location
627,Dunkirk,Location
628,Dunoon,Location
629,Duqm,Location
630,Durban,Location
631,Durres,Location
632,Dutch Harbour,Location
633,Dzaoudzi,Location
634,East London,Location
635,Eastham,Location
636,Eastland Port,Location
637,Eastport,Location
638,Ebome Terminal,Location
639,Eckernforde,Location
640,Eddystone,Location
641,Eden,Location
642,Eemshaven,Location
643,Egersund,Location
644,Eilat,Location
645,El Bluff,Location
646,El Dekheila,Location
647,El Guamache,Location
648,El Jadida,Location
649,El Palito,Location
650,El Segundo Terminal,Location
651,El Tablazo,Location
652,El Tur,Location
653,Elblag,Location
654,Eleusis,Location
655,Ellesmere Port,Location
656,Elsfleth,Location
657,Elsinore,Location
658,Emden,Location
659,Ennore,Location
660,Ensenada,Location
661,Enstedvaerkets Havn,Location
662,Erawan Terminal,Location
663,Eregli(Black Sea),Location
664,Eregli(Sea of Marmara),Location
665,Erie,Location
666,Eriskay,Location
667,Es Sider Terminal,Location
668,Esbjerg,Location
669,Escravos Terminal,Location
670,Eskifjordur,Location
671,Esmeraldas,Location
672,Esperance,Location
673,Espevik,Location
674,Essungo Terminal,Location
675,Etajima,Location
676,Etame Terminal,Location
677,Etang de Berre,Location
678,Etang de Berre,Location
679,Everett,Location
680,Evyap,Location
681,Exmouth,Location
682,Ezhou,Location
683,Faaborg,Location
684,Fak Fak,Location
685,Fakse Ladeplads,Location
686,Falkenberg,Location
687,Fall River,Location
688,Falmouth,Location
689,Famagusta,Location
690,Fangcheng,Location
691,Fao,Location
692,Faro,Location
693,Farsund,Location
694,Fateh Terminal,Location
695,Fatsa,Location
696,Fawley,Location
697,Fawley,Location
698,Fecamp,Location
699,Felixstowe,Location
700,Fengjie,Location
701,Fengxian,Location
702,Fenit,Location
703,Fernandina,Location
704,Ferndale,Location
705,Ferrol,Location
706,Fethiye,Location
707,Figueira da Foz,Location
708,Finike,Location
709,Finnart,Location
710,Fishguard,Location
711,Fiumicino,Location
712,Flaam,Location
713,Fleetwood,Location
714,Flekkefjord,Location
715,Flensburg,Location
716,Flixborough,Location
717,Floro,Location
718,Flushing,Location
719,Flying Fish Cove,Location
720,Folkestone,Location
721,Follonica,Location
722,Forcados Terminal,Location
723,Forestville,Location
724,Formia,Location
725,Forno,Location
726,Fort de France,Location
727,Fort Pierce,Location
728,Fortaleza,Location
729,Fos,Location
730,Fos,Location
731,Fosdyke,Location
732,Foshan,Location
733,Fowey,Location
734,Frankfurt,Location
735,Fraser River Port,Location
736,Fraserburgh,Location
737,Fray Bentos,Location
738,Fredericia,Location
739,Frederikshavn,Location
740,Frederikssund,Location
741,Frederiksted,Location
742,Frederiksvaerk,Location
743,Freeport,Location
744,Freeport,Location
745,Freeport,Location
746,Freetown,Location
747,Fremantle,Location
748,Frontera,Location
749,Fuglafjordur,Location
750,Fuik Bay,Location
751,Fujairah,Location
752,Fujin,Location
753,Fukui,Location
754,Fukuyama,Location
755,Fuling,Location
756,Funafuti,Location
757,Funakawa,Location
758,Funchal,Location
759,Fushiki-Toyama,Location
760,Futila Terminal,Location
761,Fuzhou,Location
762,Gabes,Location
763,Gaeta,Location
764,Galatz,Location
765,Galeota Point Terminal,Location
766,Galle,Location
767,Gallipoli,Location
768,Galveston,Location
769,Galway,Location
770,Gamagori,Location
771,Gamba Terminal,Location
772,Gandia,Location
773,Gangavaram,Location
774,Ganzhou,Location
775,Garlieston,Location
776,Garrucha,Location
777,Garston,Location
778,Gaspe,Location
779,Gdansk,Location
780,Gdynia,Location
781,Gebig,Location
782,Gebze,Location
783,Geelong,Location
784,Gefle,Location
785,Geisum Terminal,Location
786,Gela,Location
787,Gelendzhik,Location
788,Gelibolu,Location
789,Gemlik,Location
790,General San Martin,Location
791,General Santos,Location
792,Genk,Location
793,Genoa,Location
794,George Town,Location
795,Georgetown,Location
796,Georgetown,Location
797,Georgetown,Location
798,Georgetown (Ascension Is.),Location
799,Geraldton,Location
800,Ghazaouet,Location
801,Ghent,Location
802,Gibraltar,Location
803,Gijon,Location
804,Gilimanuk,Location
805,Gioia Tauro,Location
806,Girassol Terminal,Location
807,Giresun,Location
808,Girvan,Location
809,Gizan,Location
810,Gizo,Location
811,Gladstone,Location
812,Glasgow,Location
813,Glasson Dock,Location
814,Glensanda,Location
815,Glomfjord,Location
816,Gloucester,Location
817,Gloucester,Location
818,Gluckstadt,Location
819,Gocek,Location
820,Golfito,Location
821,Goole,Location
822,Goose Bay,Location
823,Gorontalo,Location
824,Gothenburg,Location
825,Gourock,Location
826,Gove,Location
827,Graasten,Location
828,Grand Bank,Location
829,Grand Haven,Location
830,Grand Turk,Location
831,Grangemouth,Location
832,Granton,Location
833,Granville,Location
834,Grays Harbour,Location
835,Great Yarmouth,Location
836,Greater Plutonio Terminal,Location
837,Green Bay,Location
838,Greenock,Location
839,Greenore,Location
840,Greenville,Location
841,Greenville,Location
842,Gregorio,Location
843,Gregorio,Location
844,Grenaa,Location
845,Grenivik,Location
846,Gresik,Location
847,Greymouth,Location
848,Griffin Terminal,Location
849,Grimsby,Location
850,Grimstad,Location
851,Grindavik,Location
852,Groningen,Location
853,Gros Cacouna,Location
854,Grove Wharf,Location
855,Grovehurst Jetty,Location
856,Grundarfjordur,Location
857,Grundartangi,Location
858,Grundartangi,Location
859,Guamare Terminal,Location
860,Guangdong Terminal,Location
861,Guangzhou,Location
862,Guanica,Location
863,Guanta,Location
864,Guaranao Bay,Location
865,Guarello,Location
866,Guayabal,Location
867,Guayacan,Location
868,Guayanilla,Location
869,Guayaquil,Location
870,Guaymas,Location
871,Guicheng,Location
872,Guimaras Island,Location
873,Gulf Gateway Terminal,Location
874,Gulfport,Location
875,Gulluk,Location
876,Gunness Wharf,Location
877,Gunsan,Location
878,Gunung Sitoli,Location
879,Gustavia,Location
880,Gustavus,Location
881,Gwadar,Location
882,Gwangyang,Location
883,Gwangyang,Location
884,Gythion,Location
885,Haavik,Location
886,Hachinohe,Location
887,Hadera,Location
888,Haderslev,Location
889,Hadsund,Location
890,Haeju,Location
891,Hafnarfjordur,Location
892,Haifa,Location
893,Haikou,Location
894,Haimen,Location
895,Haines,Location
896,Haiphong,Location
897,Hakata,Location
898,Hakodate,Location
899,Halden,Location
900,Haldia,Location
901,Halifax,Location
902,Hallstavik,Location
903,Halmstad,Location
904,Halul Island Terminal,Location
905,Hamada,Location
906,Hambantota,Location
907,Hamble,Location
908,Hamble,Location
909,Hamburg,Location
910,Hamilton,Location
911,Hamilton,Location
912,Hamina,Location
913,Hammerfest,Location
914,Hamrawein,Location
915,Hamriyah,Location
916,Hangzhou,Location
917,Hanko,Location
918,Hannan,Location
919,Hanstholm,Location
920,Hansweert,Location
921,Haparanda,Location
922,Haraholmen,Location
923,Harbin,Location
924,Hargshamn,Location
925,Harlingen,Location
926,Harlingen,Location
927,Harstad,Location
928,Hartlepool,Location
929,Harwich,Location
930,Hasle,Location
931,Hastings,Location
932,Haugesund,Location
933,Havana,Location
934,Havre St. Pierre,Location
935,Hay Point,Location
936,Haydarpasa,Location
937,Hazira,Location
938,Hechuan,Location
939,Hefei,Location
940,Heianza,Location
941,Heihe,Location
942,Heiligenhafen,Location
943,Helsingborg,Location
944,Helsinki,Location
945,Hemiksem,Location
946,Hengyang,Location
947,Hereke,Location
948,Hernosand,Location
949,Hessle,Location
950,Heysham,Location
951,Hibi,Location
952,Higashi-Harima,Location
953,Hikari,Location
954,Hilo,Location
955,Himekawa,Location
956,Hirao,Location
957,Hirohata,Location
958,Hirohata,Location
959,Hiroshima,Location
960,Hirtshals,Location
961,Hitachi,Location
962,Hitachinaka,Location
963,Ho Chi Minh City,Location
964,Hobart,Location
965,Hobro,Location
966,Hodeidah,Location
967,Hoganas,Location
968,Holmestrand,Location
969,Holyhead,Location
970,Holyrood,Location
971,Homer,Location
972,Hon Khoi,Location
973,Honfleur,Location
974,Hong Kong,Location
975,Hongay,Location
976,Honiara,Location
977,Honolulu,Location
978,Hook of Holland,Location
979,Hopa,Location
980,Hoping,Location
981,Hormuz Terminal,Location
982,Hornefors,Location
983,Horsens,Location
984,Horta,Location
985,Horten,Location
986,Hososhima,Location
987,Hound Point,Location
988,Houston,Location
989,Hovensa,Location
990,Howdendyke,Location
991,Hoyanger,Location
992,Huaian,Location
993,Huainan,Location
994,Hualien,Location
995,Huanghua,Location
996,Huangshi,Location
997,Huarmey,Location
998,Huasco,Location
999,Huatulco,Location
1000,Hudiksvall,Location
1001,Huelva,Location
1002,Huizhou,Location
1003,Huizhou Terminal,Location
1004,Hull,Location
1005,Huludao,Location
1006,Humen,Location
1007,Hungnam,Location
1008,Hunterston,Location
1009,Hurghada,Location
1010,Huron,Location
1011,Husavik,Location
1012,Husnes,Location
1013,Husum,Location
1014,Hvammstangi,Location
1015,Hvar,Location
1016,Hydaburg,Location
1017,Iberia,Location
1018,Ibicuy,Location
1019,Ibiza,Location
1020,Icdas,Location
1021,Idku,Location
1022,Igarka,Location
1023,Iggesund,Location
1024,Igoumenitsa,Location
1025,Ile Rousse,Location
1026,Ilheus,Location
1027,Iligan,Location
1028,Illichivsk,Location
1029,Ilo,Location
1030,Iloilo,Location
1031,Ilulissat,Location
1032,Ima Terminal,Location
1033,Imabari,Location
1034,Imari,Location
1035,Imatra,Location
1036,Imbituba,Location
1037,Immingham,Location
1038,Imperia,Location
1039,Ince,Location
1040,Incheon,Location
1041,Inebolu,Location
1042,Inkoo,Location
1043,Innisfail,Location
1044,Invergordon,Location
1045,Invergordon,Location
1046,Inverness,Location
1047,Ipswich,Location
1048,Iquique,Location
1049,Iquitos,Location
1050,Iraklion,Location
1051,Isaac's Harbour,Location
1052,Isabel,Location
1053,Isabela,Location
1054,Isabela de Sagua,Location
1055,Isafjordur,Location
1056,Ishikariwan Shinko,Location
1057,Ishinomaki,Location
1058,Iskenderun,Location
1059,Isle of Grain,Location
1060,Isle of Whithorn,Location
1061,Istanbul,Location
1062,Itajai,Location
1063,Itaqui,Location
1064,Itea,Location
1065,Itzehoe,Location
1066,Iwakuni,Location
1067,Izmail,Location
1068,Izmir,Location
1069,Izmit,Location
1070,Izola,Location
1071,Jacksonville,Location
1072,Jafrabad,Location
1073,Jakarta,Location
1074,Jambi,Location
1075,Jamestown (St. Helena Is.),Location
1076,Jamnagar Terminal,Location
1077,Janghang,Location
1078,Janghang,Location
1079,Jasmine Venture Terminal,Location
1080,Jawaharlal Nehru,Location
1081,Jayapura,Location
1082,Jebel Ali,Location
1083,Jebel Dhanna Terminal,Location
1084,Jeddah,Location
1085,Jeffersonville,Location
1086,Jeju,Location
1087,Jiamusi,Location
1088,Jiangmen,Location
1089,Jiangyin,Location
1090,Jiangyin,Location
1091,Jimenez,Location
1092,JIngzhou,Location
1093,Jinhae,Location
1094,Jinshan,Location
1095,Jinshi,Location
1096,Jinzhou,Location
1097,Jiujiang,Location
1098,Jiujiang,Location
1099,Joensuu,Location
1100,Jolo,Location
1101,Jorf Lasfar,Location
1102,Jose Ignacio Terminal,Location
1103,Jose Panganiban,Location
1104,Joutseno,Location
1105,Juaymah Terminal,Location
1106,Jubail (Commercial Port),Location
1107,Jubail (Industrial Port),Location
1108,Jucaro,Location
1109,Juneau,Location
1110,Jurong Port,Location
1111,Kaarsto,Location
1112,Kagoshima,Location
1113,Kahului,Location
1114,Kake,Location
1115,Kakinada,Location
1116,Kakogawa,Location
1117,Kalajoki,Location
1118,Kalama,Location
1119,Kalamaki,Location
1120,Kalamata,Location
1121,Kalecik,Location
1122,Kali Limenes,Location
1123,Kalianget,Location
1124,Kalingapatnam,Location
1125,Kaliningrad,Location
1126,Kalix,Location
1127,Kalmar,Location
1128,Kalundborg,Location
1129,Kalymnos,Location
1130,Kamaishi,Location
1131,Kamsar,Location
1132,Kanazawa,Location
1133,Kanda,Location
1134,Kandalaksha,Location
1135,Kandla,Location
1136,Kangerluarsoruseq,Location
1137,Kangerlussuaq,Location
1138,Kangilinnguit,Location
1139,Kanokawa,Location
1140,Kantvik,Location
1141,Kaohsiung,Location
1142,Kaolack,Location
1143,Kapellskar,Location
1144,Kappeln,Location
1145,Karachi,Location
1146,Karaikal,Location
1147,Karatsu,Location
1148,Karavostassi,Location
1149,Karavostassi,Location
1150,Karlshamn,Location
1151,Karlskrona,Location
1152,Karlsruhe,Location
1153,Karlstad,Location
1154,Karumba,Location
1155,Karwar,Location
1156,Kasaoka,Location
1157,Kashima,Location
1158,Kashiwazaki,Location
1159,Kasim Terminal,Location
1160,Kaskinen,Location
1161,Katakolon,Location
1162,Kaunakakai,Location
1163,Kavala,Location
1164,Kavieng,Location
1165,Kavkaz,Location
1166,Kawaihae,Location
1167,Kawasaki,Location
1168,Keadby,Location
1169,Keelung,Location
1170,Keflavik,Location
1171,Kehl,Location
1172,Kemaman,Location
1173,Kemi,Location
1174,Kendari,Location
1175,Kenitra,Location
1176,Kenosha,Location
1177,Kepez,Location
1178,Kerawalapitiya Terminal,Location
1179,Kerch,Location
1180,Kerteh Terminal,Location
1181,Kerteminde,Location
1182,Kesennuma,Location
1183,Ketchikan,Location
1184,Key West,Location
1185,Khalifa Bin Salman Port,Location
1186,Khanom,Location
1187,Kharg Island,Location
1188,Khatanga,Location
1189,Kherson,Location
1190,Kholmsk,Location
1191,Khoms,Location
1192,Khor al Amaya Terminal,Location
1193,Khor Fakkan,Location
1194,Khorramshahr,Location
1195,Kiel,Location
1196,Kieta,Location
1197,Kiire,Location
1198,Kijang,Location
1199,Kikeh Terminal,Location
1200,Kikuma,Location
1201,Kiliya,Location
1202,Killybegs,Location
1203,Kilroot,Location
1204,Kilrush,Location
1205,Kimbe,Location
1206,King Cove,Location
1207,King's Lynn,Location
1208,Kingsnorth,Location
1209,Kingston,Location
1210,Kingstown,Location
1211,Kinsale,Location
1212,Kinuura,Location
1213,Kirkcaldy,Location
1214,Kirkcudbright,Location
1215,Kirkenes,Location
1216,Kirkwall,Location
1217,Kisarazu,Location
1218,Kish Island,Location
1219,Kismayu,Location
1220,Kitimat,Location
1221,Klaipeda,Location
1222,Klaksvik,Location
1223,Klawock,Location
1224,Klein Point,Location
1225,Klintehamn,Location
1226,Ko Sichang,Location
1227,Kobe,Location
1228,Kochi,Location
1229,Kochi,Location
1230,Kodiak,Location
1231,Koge,Location
1232,Kokkola,Location
1233,Koko,Location
1234,Kokura,Location
1235,Kolding,Location
1236,Kole Terminal,Location
1237,Kolkata,Location
1238,Kolobrzeg,Location
1239,Komarno,Location
1240,Komatsushima,Location
1241,Kome-Kribi 1 Terminal,Location
1242,Kongsdal,Location
1243,Koper,Location
1244,Kopervik,Location
1245,Koping,Location
1246,Korcula,Location
1247,Koror,Location
1248,Korsakov,Location
1249,Korsor,Location
1250,Kos,Location
1251,Kota Kinabalu,Location
1252,Kotka,Location
1253,Kotor,Location
1254,Koverhar,Location
1255,Kozmino,Location
1256,Kpeme,Location
1257,Kragero,Location
1258,Kralendijk,Location
1259,Krefeld,Location
1260,Krems,Location
1261,Kribi,Location
1262,Krishnapatnam,Location
1263,Kristiansand,Location
1264,Kristiansund,Location
1265,Kristiinankaupunki,Location
1266,Kristinehamn,Location
1267,Kuala Belait,Location
1268,Kuala Kapuas,Location
1269,Kuantan,Location
1270,Kuching,Location
1271,Kudamatsu,Location
1272,Kudat,Location
1273,Kulevi Terminal,Location
1274,Kulpi,Location
1275,Kunak,Location
1276,Kunda,Location
1277,Kunshan,Location
1278,Kuopio,Location
1279,Kupang,Location
1280,Kure,Location
1281,Kusadasi,Location
1282,Kushiro,Location
1283,Kyle of Lochalsh,Location
1284,Kymassi,Location
1285,Kyrenia,Location
1286,La Baie,Location
1287,La Ceiba,Location
1288,La Ceiba,Location
1289,La Ciotat,Location
1290,La Estaca,Location
1291,La Estacada,Location
1292,La Goulette,Location
1293,La Guaira,Location
1294,La Libertad,Location
1295,La Libertad,Location
1296,La Maddalena,Location
1297,La Nouvelle,Location
1298,La Pallice,Location
1299,La Pampilla,Location
1300,La Paz,Location
1301,La Plata,Location
1302,La Rochelle,Location
1303,La Romana,Location
1304,La Salina,Location
1305,La Salineta,Location
1306,La Savina,Location
1307,La Skhira,Location
1308,La Spezia,Location
1309,Laayoune (Western Sahara),Location
1310,Laboe,Location
1311,Labuan,Location
1312,Ladysmith,Location
1313,Lae,Location
1314,Laem Chabang,Location
1315,Lagoa Parda Terminal,Location
1316,Lahad Datu,Location
1317,Laizhou,Location
1318,Lake Charles,Location
1319,Lalang Terminal,Location
1320,Laminaria-Corallina Terminal,Location
1321,Lampedusa,Location
1322,Lamu,Location
1323,Landskrona,Location
1324,Langsa Terminal,Location
1325,Lanshan,Location
1326,Lanxi,Location
1327,Largs,Location
1328,Larnaca,Location
1329,Larne,Location
1330,Larvik,Location
1331,Las Mareas,Location
1332,Las Minas Bay,Location
1333,Las Palmas,Location
1334,Las Piedras,Location
1335,Lattakia,Location
1336,Launceston,Location
1337,Laurium,Location
1338,Lautoka,Location
1339,Lavan Island,Location
1340,Lavera,Location
1341,Lavera,Location
1342,Lawe-Lawe Terminal,Location
1343,Lazarev,Location
1344,Lazaro Cardenas,Location
1345,Le Guildo,Location
1346,Le Havre,Location
1347,Le Legue/St. Brieuc,Location
1348,Le Treport,Location
1349,Le Verdon,Location
1350,Le Verdon,Location
1351,Leer,Location
1352,Legaspi,Location
1353,Legaspi,Location
1354,Legendre Terminal,Location
1355,Leghorn,Location
1356,Leirvik,Location
1357,Leith,Location
1358,Leixoes,Location
1359,Lembar,Location
1360,Lemvig,Location
1361,Lerma,Location
1362,Lerwick,Location
1363,Lewiston,Location
1364,Lhoknga,Location
1365,Lhokseumawe,Location
1366,Lianyungang,Location
1367,Libourne,Location
1368,Libreville,Location
1369,Licata,Location
1370,Lidkoping,Location
1371,Liege,Location
1372,Liepaja,Location
1373,Lillesand,Location
1374,Lima,Location
1375,Limassol,Location
1376,Limay,Location
1377,Limbe,Location
1378,Limboh Terminal,Location
1379,Limetree Bay,Location
1380,Limetree Bay,Location
1381,Lipari,Location
1382,Lirquen,Location
1383,Lisbon,Location
1384,Liscomb,Location
1385,Little Narrows,Location
1386,Little Rock,Location
1387,Littlehampton,Location
1388,Liuhua Terminal,Location
1389,Liverpool,Location
1390,Liverpool,Location
1391,Llanddulas,Location
1392,Lobito,Location
1393,Loch Roag,Location
1394,Lochboisdale,Location
1395,Lochmaddy,Location
1396,Lodingen,Location
1397,Lom,Location
1398,Lombo Terminal,Location
1399,Lome,Location
1400,Lomonosov,Location
1401,London,Location
1402,London Thamesport,Location
1403,Londonderry,Location
1404,Long Beach,Location
1405,Long Harbour,Location
1406,Long Point,Location
1407,Long Pond,Location
1408,Longkou,Location
1409,Longoni,Location
1410,Longview,Location
1411,Longyan,Location
1412,LOOP Terminal,Location
1413,Lorain,Location
1414,Lorengau,Location
1415,Lorient,Location
1416,Los Angeles,Location
1417,Los Cristianos,Location
1418,Louisville,Location
1419,Loviisa,Location
1420,Lowestoft,Location
1421,Luanda,Location
1422,Luba,Location
1423,Lubeck,Location
1424,Lucina Terminal,Location
1425,Lucinda,Location
1426,Luderitz,Location
1427,Ludwigshafen am Rhein,Location
1428,Lufeng Terminal,Location
1429,Lulea,Location
1430,Lumut,Location
1431,Lumut,Location
1432,Lunenburg,Location
1433,Luzhou,Location
1434,Lydney,Location
1435,Lyngs Odde,Location
1436,Lysekil,Location
1437,Lyttelton,Location
1438,M'bopicua,Location
1439,Ma'anshan,Location
1440,Maaloy,Location
1441,Mabianzhou,Location
1442,Macapa,Location
1443,Macau,Location
1444,Macduff,Location
1445,Maceio,Location
1446,Machilipatnam,Location
1447,Mackay,Location
1448,Macun,Location
1449,Madang,Location
1450,Madre de Deus,Location
1451,Magdalla,Location
1452,Mago,Location
1453,Mahajanga,Location
1454,Mahon,Location
1455,Mai-Liao,Location
1456,Maizuru,Location
1457,Majuro Atoll,Location
1458,Makassar,Location
1459,Malabo,Location
1460,Malacca,Location
1461,Malaga,Location
1462,Malampaya Terminal,Location
1463,Maldon,Location
1464,Male,Location
1465,Mali Losinj,Location
1466,Mallaig,Location
1467,Malm,Location
1468,Malmo,Location
1469,Malongo Terminal,Location
1470,Malpe,Location
1471,Mamonal,Location
1472,Manado,Location
1473,Manati,Location
1474,Manaus,Location
1475,Manchester,Location
1476,Mandal,Location
1477,Mandvi,Location
1478,Manfredonia,Location
1479,Mangalia,Location
1480,Maniitsoq,Location
1481,Manila,Location
1482,Manistee,Location
1483,Manitowoc,Location
1484,Mannheim,Location
1485,Manokwari,Location
1486,Manta,Location
1487,Mantyluoto,Location
1488,Mantyluoto,Location
1489,Manzanillo,Location
1490,Manzanillo,Location
1491,Manzanillo,Location
1492,Manzanillo,Location
1493,Maocaojie,Location
1494,Map Ta Phut,Location
1495,Maputo,Location
1496,Mar del Plata,Location
1497,Maracaibo,Location
1498,Marathon,Location
1499,Marcus Hook,Location
1500,Mariager,Location
1501,Mariehamn,Location
1502,Mariel,Location
1503,Mariestad,Location
1504,Marigot,Location
1505,Marin,Location
1506,Marina di Carrara,Location
1507,Mariupol,Location
1508,Mariveles,Location
1509,Marmaris,Location
1510,Marquette,Location
1511,Marsa el Brega,Location
1512,Marsala,Location
1513,Marsaxlokk,Location
1514,Marseilles,Location
1515,Marstal,Location
1516,Maryborough,Location
1517,Marystown,Location
1518,Masan,Location
1519,Masinloc,Location
1520,Maslenica,Location
1521,Massawa,Location
1522,Matadi,Location
1523,Matane,Location
1524,Matanzas,Location
1525,Matanzas,Location
1526,Matarani,Location
1527,Matsushima,Location
1528,Matsuyama,Location
1529,Maumere,Location
1530,Mawan,Location
1531,Mayaguez,Location
1532,Mayumba,Location
1533,Mazara del Vallo,Location
1534,Mazatlan,Location
1535,Meeruse,Location
1536,Mega,Location
1537,Mega,Location
1538,Megara,Location
1539,Mejillones,Location
1540,Mekar Putih,Location
1541,Melbourne,Location
1542,Melilla,Location
1543,Mellitah,Location
1544,Mem,Location
1545,Memphis,Location
1546,Meneng,Location
1547,Merak,Location
1548,Merauke,Location
1549,Merca,Location
1550,Mersa el Hamra Terminal,Location
1551,Mersa Matruh,Location
1552,Mersin,Location
1553,Mersrags,Location
1554,Mesaieed,Location
1555,Mesolongion,Location
1556,Messina,Location
1557,Methil,Location
1558,Metlakatla,Location
1559,Mezen,Location
1560,Miami,Location
1561,Middelburg,Location
1562,Middelfart,Location
1563,Midland,Location
1564,Miiduranna,Location
1565,Miike,Location
1566,Milazzo,Location
1567,Milford Haven,Location
1568,Milner Bay,Location
1569,Milwaukee,Location
1570,Mina Abdulla,Location
1571,Mina al Ahmadi,Location
1572,Mina al Fahal,Location
1573,Mina Rashid,Location
1574,Mina Saqr,Location
1575,Mina Saud,Location
1576,Mina Sulman,Location
1577,Minamata,Location
1578,Minatitlan,Location
1579,Mindelo,Location
1580,Miragoane,Location
1581,Miramar,Location
1582,Miri,Location
1583,Mishima-Kawanoe,Location
1584,Misool Terminal,Location
1585,Mistley,Location
1586,Misumi,Location
1587,Misurata,Location
1588,Mitajiri,Location
1589,Mitsukoshima,Location
1590,Miyako,Location
1591,Miyazu,Location
1592,Mizushima,Location
1593,Mo i Rana,Location
1594,Moanda Terminal,Location
1595,Mobile,Location
1596,Moerdijk,Location
1597,Mogadishu,Location
1598,Mohammedia,Location
1599,Moji,Location
1600,Mokha,Location
1601,Mokpo,Location
1602,Molde,Location
1603,Molfetta,Location
1604,Mollendo,Location
1605,Mombasa,Location
1606,Monbetsu,Location
1607,Monfalcone,Location
1608,Mongla,Location
1609,Mongstad,Location
1610,Moni Anchorage,Location
1611,Monopoli,Location
1612,Monroe,Location
1613,Monrovia,Location
1614,Mont Louis,Location
1615,Monte Carlo,Location
1616,Montego Bay,Location
1617,Montevideo,Location
1618,Montoir,Location
1619,Montreal,Location
1620,Montrose,Location
1621,Morehead City,Location
1622,Morgan City,Location
1623,Mormugao,Location
1624,Moroni,Location
1625,Morro Redondo,Location
1626,Mosjoen,Location
1627,Moss,Location
1628,Mossel Bay,Location
1629,Mostaganem,Location
1630,Mostyn,Location
1631,Motril,Location
1632,Moudi Terminal,Location
1633,Mount Vernon,Location
1634,Mourilyan,Location
1635,Mtwara,Location
1636,Muara Port,Location
1637,Mubarek Terminal,Location
1638,Mubarras Terminal,Location
1639,Mudanya,Location
1640,Mukalla,Location
1641,Mukho,Location
1642,Mulgrave,Location
1643,Mumbai,Location
1644,Mundra,Location
1645,Munguba,Location
1646,Murmansk,Location
1647,Muroran,Location
1648,Muskogee,Location
1649,Mustola,Location
1650,Mutineer Terminal,Location
1651,Mutsamudu,Location
1652,My Thoi,Location
1653,Mykonos,Location
1654,Mytilene,Location
1655,Naantali,Location
1656,Nacala,Location
1657,Nador,Location
1658,Naestved,Location
1659,Nagapattinam,Location
1660,Nagasaki,Location
1661,Nagoya,Location
1662,Naha,Location
1663,Nakhodka,Location
1664,Nakskov,Location
1665,Namibe,Location
1666,Namikata,Location
1667,Nampo,Location
1668,Namsos,Location
1669,Nanaimo,Location
1670,Nanao,Location
1671,Nanchang,Location
1672,Nanchital,Location
1673,Nanhai,Location
1674,Nanhui,Location
1675,Nanjing,Location
1676,Nanortalik,Location
1677,Nansha,Location
1678,Nansha,Location
1679,Nantes,Location
1680,Nantong,Location
1681,Naoetsu,Location
1682,Naoshima,Location
1683,Napier,Location
1684,Naples,Location
1685,Narsaq,Location
1686,Narsarsuaq,Location
1687,Narvik,Location
1688,Naryan Mar,Location
1689,Nassau,Location
1690,Natal,Location
1691,Nauplia,Location
1692,Navegantes,Location
1693,Navlakhi,Location
1694,Nawiliwili,Location
1695,Nea Moudhania,Location
1696,Neap House,Location
1697,Neath,Location
1698,Necochea,Location
1699,Nelson,Location
1700,Nemrut Bay,Location
1701,Neskaupstadur,Location
1702,Neuss/Dusseldorf,Location
1703,Nevelsk,Location
1704,New Amsterdam,Location
1705,New Bedford,Location
1706,New Haven,Location
1707,New Holland,Location
1708,New London,Location
1709,New Mangalore,Location
1710,New Orleans,Location
1711,New Plymouth,Location
1712,New Ross,Location
1713,New Tuticorin,Location
1714,New York,Location
1715,Newburgh,Location
1716,Newcastle,Location
1717,Newcastle,Location
1718,Newhaven,Location
1719,Newlyn,Location
1720,Newport,Location
1721,Newport (Gwent),Location
1722,Newport (Isle of Wight),Location
1723,Nexo,Location
1724,Nganhurra Terminal,Location
1725,Nghe Tinh,Location
1726,Ngqura,Location
1727,Nha Be,Location
1728,Nha Trang,Location
1729,Nicaro,Location
1730,Nice,Location
1731,Nieuw Nickerie,Location
1732,Nieuwpoort,Location
1733,Nigg Oil Terminal,Location
1734,Niigata,Location
1735,Niigata-Higashi,Location
1736,Niihama,Location
1737,Nijmegen,Location
1738,Nikiski,Location
1739,Nikolayev,Location
1740,Nikolayevsk,Location
1741,Ningbo,Location
1742,Nishtun,Location
1743,Niteroi,Location
1744,Nome,Location
1745,Nordenham,Location
1746,Norfolk Island,Location
1747,Noro,Location
1748,Norrkoping,Location
1749,Norrsundet,Location
1750,North Killingholme,Location
1751,Northeast Gateway Terminal,Location
1752,Northport,Location
1753,Norwich,Location
1754,Noshiro,Location
1755,Nouadhibou,Location
1756,Nouakchott,Location
1757,Noumea,Location
1758,Novi Sad,Location
1759,Novorossiysk,Location
1760,Now Shahr,Location
1761,Now Shahr,Location
1762,Nueva Gerona,Location
1763,Nueva Palmira,Location
1764,Nuevitas,Location
1765,Nuku'alofa,Location
1766,Numazu,Location
1767,Nuuk,Location
1768,Nuweiba,Location
1769,Nyborg,Location
1770,Nykobing (Falster),Location
1771,Nykobing (Mors),Location
1772,Nykoping,Location
1773,Nynashamn,Location
1774,Oakham Ness,Location
1775,Oakland,Location
1776,Oaxen,Location
1777,Oban,Location
1778,Ocho Rios,Location
1779,Odda,Location
1780,Odense,Location
1781,Odessa,Location
1782,Odudu Terminal,Location
1783,Ofunato,Location
1784,Ogdensburg,Location
1785,Oguendjo Terminal,Location
1786,Oita,Location
1787,Okoro Terminal,Location
1788,Okrika,Location
1789,Oktyabrsk,Location
1790,Okwori Terminal,Location
1791,Olbia,Location
1792,Oldenburg,Location
1793,Olga,Location
1794,Olympia,Location
1795,Omaezaki,Location
1796,Omisalj,Location
1797,Onahama,Location
1798,Onega,Location
1799,Onehunga,Location
1800,Onne,Location
1801,Onoda,Location
1802,Onomichi,Location
1803,Ontonagon,Location
1804,Opua,Location
1805,Oran,Location
1806,Orange,Location
1807,Oranjestad,Location
1808,Ordu,Location
1809,Orehoved,Location
1810,Oristano,Location
1811,Orkanger,Location
1812,Ornskoldsvik,Location
1813,Oro Bay,Location
1814,Ortona,Location
1815,Osaka,Location
1816,Oshawa,Location
1817,Oskarshamn,Location
1818,Oslo,Location
1819,Ostend,Location
1820,Oswego,Location
1821,Otaru,Location
1822,Otranto,Location
1823,Otterbacken,Location
1824,Oulu,Location
1825,Owase,Location
1826,Owen Sound,Location
1827,Owendo,Location
1828,Owensboro,Location
1829,Oxelosund,Location
1830,Oyong Terminal,Location
1831,Ozamis,Location
1832,Paamiut,Location
1833,Pachi,Location
1834,Padstow,Location
1835,Paducah,Location
1836,Pagbilao,Location
1837,Pago Pago,Location
1838,Paimboeuf,Location
1839,Paimpol,Location
1840,Paita,Location
1841,Palamos,Location
1842,Palanca Terminal,Location
1843,Palembang,Location
1844,Palenque Terminal,Location
1845,Palermo,Location
1846,Palm Beach,Location
1847,Palma,Location
1848,Palua,Location
1849,Panaji,Location
1850,Panama City,Location
1851,Panarukan,Location
1852,Pancevo,Location
1853,Pangkalan Susu,Location
1854,Pangkalbalam,Location
1855,Panjang,Location
1856,Pantoloan,Location
1857,Panyu Terminal,Location
1858,Papeete,Location
1859,Papenburg,Location
1860,Paphos,Location
1861,Par,Location
1862,Paradero,Location
1863,Paradip,Location
1864,Parainen,Location
1865,Paramaribo,Location
1866,Paranagua,Location
1867,Paranam,Location
1868,Pare Pare,Location
1869,Paris,Location
1870,Parnu,Location
1871,Parry Sound,Location
1872,Partington,Location
1873,Pasajes,Location
1874,Pascagoula,Location
1875,Pasco,Location
1876,Pasir Gudang,Location
1877,Passau,Location
1878,Pataholm,Location
1879,Pateniemi,Location
1880,Pathein,Location
1881,Patmos,Location
1882,Patras,Location
1883,Pauillac,Location
1884,Pauillac,Location
1885,Paysandu,Location
1886,Pecem,Location
1887,Pedregal,Location
1888,Peel,Location
1889,Pekanbaru,Location
1890,Pelican,Location
1891,Pelotas,Location
1892,Pemangkat,Location
1893,Pemba,Location
1894,Penang,Location
1895,Penglai,Location
1896,Pennington Terminal,Location
1897,Pennsauken,Location
1898,Pensacola,Location
1899,Penuelas Terminal,Location
1900,Penzance,Location
1901,Perth,Location
1902,Pesaro,Location
1903,Pescara,Location
1904,Peterhead,Location
1905,Petersburg,Location
1906,Philadelphia,Location
1907,Philipsburg,Location
1908,Phnom Penh,Location
1909,Phu My,Location
1910,Phuket,Location
1911,Pichilingue,Location
1912,Picton,Location
1913,Pictou,Location
1914,Pietarsaari,Location
1915,Pinghu,Location
1916,Piombino,Location
1917,Pipavav,Location
1918,Piraeus,Location
1919,Pittsburgh,Location
1920,Pituffik,Location
1921,Plaquemines,Location
1922,Platong Terminal,Location
1923,Ploce,Location
1924,Plomin,Location
1925,Plymouth,Location
1926,Plymouth,Location
1927,Podporozhye,Location
1928,Pohang,Location
1929,Pohnpei,Location
1930,Point Comfort,Location
1931,Point Fortin,Location
1932,Point Lisas,Location
1933,Point Tupper,Location
1934,Pointe a Pierre,Location
1935,Pointe a Pitre,Location
1936,Pointe au Pic,Location
1937,Pointe Noire,Location
1938,Police,Location
1939,Polloc,Location
1940,Polvo Terminal,Location
1941,Ponce,Location
1942,Ponta da Madeira,Location
1943,Ponta da Madeira,Location
1944,Ponta Delgada,Location
1945,Ponta do Ubu,Location
1946,Ponta Dobela,Location
1947,Pontianak,Location
1948,Poole,Location
1949,Porbandar,Location
1950,Poronaysk,Location
1951,Porsgrunn,Location
1952,Port Alberni,Location
1953,Port Alfred,Location
1954,Port Alice,Location
1955,Port Allen,Location
1956,Port Alma,Location
1957,Port Alucroix,Location
1958,Port Angeles,Location
1959,Port Antonio,Location
1960,Port Arthur,Location
1961,Port Askaig,Location
1962,Port au Prince,Location
1963,Port Augusta,Location
1964,Port aux Basques,Location
1965,Port Blair,Location
1966,Port Bonython,Location
1967,Port Canaveral,Location
1968,Port Cartier,Location
1969,Port Chester,Location
1970,Port Colborne,Location
1971,Port de Bouc,Location
1972,Port de Bouc,Location
1973,Port Dickson,Location
1974,Port Elizabeth,Location
1975,Port Ellen,Location
1976,Port Esquivel,Location
1977,Port Everglades,Location
1978,Port Fourchon,Location
1979,Port Gentil,Location
1980,Port Giles,Location
1981,Port Harcourt,Location
1982,Port Hardy,Location
1983,Port Hawkesbury,Location
1984,Port Hedland,Location
1985,Port Hueneme,Location
1986,Port Huron,Location
1987,Port Irene,Location
1988,Port Isabel,Location
1989,Port Jefferson,Location
1990,Port Kaiser,Location
1991,Port Kembla,Location
1992,Port Klang,Location
1993,Port Latta,Location
1994,Port Lincoln,Location
1995,Port Louis,Location
1996,Port Manatee,Location
1997,Port Mellon,Location
1998,Port Moresby,Location
1999,Port Muhammad Bin Qasim,Location
2000,Port Neches,Location
2001,Port Nolloth,Location
2002,Port of Spain,Location
2003,Port Okha,Location
2004,Port Penrhyn,Location
2005,Port Pirie,Location
2006,Port Rhoades,Location
2007,Port Royal,Location
2008,Port Royal,Location
2009,Port Said,Location
2010,Port San Luis,Location
2011,Port St. Joe,Location
2012,Port St. Louis,Location
2013,Port St. Mary,Location
2014,Port Stanvac,Location
2015,Port Sudan,Location
2016,Port Sultan Qaboos,Location
2017,Port Talbot,Location
2018,Port Townsend,Location
2019,Port Vendres,Location
2020,Port Victoria,Location
2021,Port Vila,Location
2022,Port Walcott,Location
2023,Port Weller,Location
2024,Port Wentworth,Location
2025,Portici,Location
2026,Portimao,Location
2027,Portland,Location
2028,Portland,Location
2029,Portland (Maine),Location
2030,Portland (Oregon),Location
2031,Porto Alegre,Location
2032,Porto Amboim,Location
2033,Porto Chibatao,Location
2034,Porto Empedocle,Location
2035,Porto Nogaro,Location
2036,Porto Novo (CPV),Location
2037,Porto Santo,Location
2038,Porto Santo Stefano,Location
2039,Porto Torres,Location
2040,Porto Vecchio,Location
2041,Porto Vesme,Location
2042,Portocel,Location
2043,Portoferraio,Location
2044,Portree,Location
2045,Portrush,Location
2046,Portsmouth,Location
2047,Portsmouth (New Hampshire),Location
2048,Posyet,Location
2049,Poti,Location
2050,Powell River,Location
2051,Pozos Colorados Terminal,Location
2052,Pozzuoli,Location
2053,Prachuap,Location
2054,Praia,Location
2055,Praia da Graciosa,Location
2056,Praia da Vitoria,Location
2057,Praia Mole,Location
2058,Prescott,Location
2059,Preveza,Location
2060,Primorsk,Location
2061,Prince Rupert,Location
2062,Probolinggo,Location
2063,Progreso,Location
2064,Prointal,Location
2065,Prony,Location
2066,Propriano,Location
2067,Providence,Location
2068,Providenciales,Location
2069,Puducherry,Location
2070,Puerto Barrios,Location
2071,Puerto Bayovar,Location
2072,Puerto Bolivar,Location
2073,Puerto Bolivar,Location
2074,Puerto Cabello,Location
2075,Puerto Cabezas,Location
2076,Puerto Castilla,Location
2077,Puerto Chiapas,Location
2078,Puerto Cortes,Location
2079,Puerto Costa Maya,Location
2080,Puerto de Hierro,Location
2081,Puerto de Santa Maria,Location
2082,Puerto del Rosario,Location
2083,Puerto Deseado,Location
2084,Puerto Jose,Location
2085,Puerto la Cruz,Location
2086,Puerto Limon,Location
2087,Puerto Madryn,Location
2088,Puerto Miranda,Location
2089,Puerto Montt,Location
2090,Puerto Natales,Location
2091,Puerto Ordaz,Location
2092,Puerto Padre,Location
2093,Puerto Percy,Location
2094,Puerto Percy,Location
2095,Puerto Plata,Location
2096,Puerto Princesa,Location
2097,Puerto Quetzal,Location
2098,Puerto Sandino,Location
2099,Puerto Vallarta,Location
2100,Puerto Ventanas,Location
2101,Puerto Viejo de Azua,Location
2102,Puerto Villeta,Location
2103,Puerto Williams,Location
2104,Puerto Zuniga,Location
2105,Puffin Terminal,Location
2106,Puhos,Location
2107,Pula,Location
2108,Pulang Pisau,Location
2109,Pulau Bukom,Location
2110,Pulau Bukom,Location
2111,Pulau Bunyu,Location
2112,Pulau Langkawi,Location
2113,Pulau Sambu,Location
2114,Pulupandan,Location
2115,Punta Arenas,Location
2116,Punta Cardon,Location
2117,Punta Colorada,Location
2118,Punta Cuchillo,Location
2119,Punta Europa Terminal,Location
2120,Punta Lobitos,Location
2121,Punta Palmas,Location
2122,Punta Piedras,Location
2123,Punta Quilla,Location
2124,Puntarenas,Location
2125,Pyeongtaek,Location
2126,Pylos,Location
2127,Qaanaaq,Location
2128,Qalhat Terminal,Location
2129,Qaqortoq,Location
2130,Qasigiannguit,Location
2131,Qeqertarsuaq,Location
2132,Qingdao,Location
2133,Qingdao,Location
2134,Qinglan,Location
2135,Qinhuangdao,Location
2136,Qinzhou,Location
2137,Qua Iboe Terminal,Location
2138,Quanzhou,Location
2139,Quebec,Location
2140,Queenborough,Location
2141,Quelimane,Location
2142,Qui Nhon,Location
2143,Quimper,Location
2144,Quintero,Location
2145,Raahe,Location
2146,Rabaul,Location
2147,Rabigh,Location
2148,Rades,Location
2149,Ramallo,Location
2150,Ramsey,Location
2151,Ramsgate,Location
2152,Randers,Location
2153,Ranong,Location
2154,Rapid Bay,Location
2155,Ras al Khafji,Location
2156,Ras al Mishab,Location
2157,Ras Bahregan Terminal,Location
2158,Ras Budran Terminal,Location
2159,Ras Gharib,Location
2160,Ras Isa Terminal,Location
2161,Ras Laffan,Location
2162,Ras Lanuf,Location
2163,Ras Shukheir Terminal,Location
2164,Ras Sudr Terminal,Location
2165,Ras Tanura,Location
2166,Rasa,Location
2167,Rasco Harbour,Location
2168,Ratnagiri,Location
2169,Rau Qua,Location
2170,Rau Qua,Location
2171,Rauma,Location
2172,Ravenna,Location
2173,Rayong,Location
2174,Recife,Location
2175,Red Dog,Location
2176,Redwood City,Location
2177,Regensburg,Location
2178,Reggio di Calabria,Location
2179,Rendsburg,Location
2180,Reni,Location
2181,Rethimnon,Location
2182,Reunion,Location
2183,Revithousa Terminal,Location
2184,Reykjavik,Location
2185,Rhodes,Location
2186,Ribadeo,Location
2187,Richards Bay,Location
2188,Richborough,Location
2189,Richmond (California),Location
2190,Richmond (Virginia),Location
2191,Ridham Dock,Location
2192,Riga,Location
2193,Rijeka,Location
2194,Rimouski,Location
2195,Rio Bueno,Location
2196,Rio Cullen Terminal,Location
2197,Rio de Janeiro,Location
2198,Rio Gallegos,Location
2199,Rio Grande,Location
2200,Rio Grande,Location
2201,Rio Haina,Location
2202,Risor,Location
2203,Ristiina,Location
2204,Riverhead,Location
2205,Rize,Location
2206,Rizhao,Location
2207,Rochefort,Location
2208,Rochester,Location
2209,Rocky Point,Location
2210,Rodbyhavn,Location
2211,Romano Port,Location
2212,Rongqi,Location
2213,Rongqi,Location
2214,Ronne,Location
2215,Roomassaare,Location
2216,Rosario,Location
2217,Rosarito Terminal,Location
2218,Rosas,Location
2219,Roscoff,Location
2220,Roseau,Location
2221,Rosedale,Location
2222,Rosslare,Location
2223,Rostock,Location
2224,Rostov,Location
2225,Rosyth,Location
2226,Rothesay,Location
2227,Rotterdam,Location
2228,Rouen,Location
2229,Rovinj,Location
2230,Rudkobing,Location
2231,Rumoi,Location
2232,Runavik,Location
2233,Runcorn,Location
2234,Rupert Inlet,Location
2235,Ruwais,Location
2236,Rye,Location
2237,Sabang,Location
2238,Sabine,Location
2239,Sables d'Olonne,Location
2240,Sacramento,Location
2241,Safaga,Location
2242,Safi,Location
2243,Saganoseki,Location
2244,Sagunto,Location
2245,Saiki,Location
2246,Saint John,Location
2247,Saipan Island,Location
2248,Saiqi,Location
2249,Sakai,Location
2250,Sakaide,Location
2251,Sakaiminato,Location
2252,Sakata,Location
2253,Salacgriva,Location
2254,Saladin Terminal,Location
2255,Salalah,Location
2256,Salaverry,Location
2257,Salaya,Location
2258,Saldanha Bay,Location
2259,Saleef,Location
2260,Salem (Massachusetts),Location
2261,Salerno,Location
2262,Salina Cruz,Location
2263,Salineiro Terminal,Location
2264,Salt End,Location
2265,Salvador,Location
2266,Samarinda,Location
2267,Sambas,Location
2268,Samchok,Location
2269,Samos,Location
2270,Sampit,Location
2271,Samsun,Location
2272,San Andres,Location
2273,San Antonio,Location
2274,San Antonio,Location
2275,San Antonio Este,Location
2276,San Benedetto del Tronto,Location
2277,San Carlos,Location
2278,San Carlos de la Rapita,Location
2279,San Diego,Location
2280,San Feliu de Guixols,Location
2281,San Felix,Location
2282,San Fernando,Location
2283,San Francisco,Location
2284,San Juan,Location
2285,San Juan de la Costa,Location
2286,San Juan del Sur,Location
2287,San Julian,Location
2288,San Lorenzo,Location
2289,San Lorenzo,Location
2290,San Marcos Island,Location
2291,San Nicolas,Location
2292,San Nicolas,Location
2293,San Nicolas Bay,Location
2294,San Pedro,Location
2295,San Pedro,Location
2296,San Pedro de Macoris,Location
2297,San Remo,Location
2298,San Sebastian,Location
2299,San Sebastian Terminal,Location
2300,San Vicente,Location
2301,Sanbing,Location
2302,Sanbu,Location
2303,Sanchez,Location
2304,Sand Point,Location
2305,Sandakan,Location
2306,Sandefjord,Location
2307,Sandnes,Location
2308,Sandusky,Location
2309,Sandwich,Location
2310,Sangatta Terminal,Location
2311,Sangi,Location
2312,Sant' Antioco,Location
2313,Santa Clara,Location
2314,Santa Cruz (Luzon),Location
2315,Santa Cruz (Marinduque),Location
2316,Santa Cruz de la Palma,Location
2317,Santa Cruz de Tenerife,Location
2318,Santa Fe,Location
2319,Santa Lucia,Location
2320,Santa Marta,Location
2321,Santa Panagia,Location
2322,Santa Rosalia,Location
2323,Santan Terminal,Location
2324,Santander,Location
2325,Santarem,Location
2326,Santiago,Location
2327,Santo,Location
2328,Santo Domingo,Location
2329,Santo Tomas de Castilla,Location
2330,Santos,Location
2331,Sanya,Location
2332,Sao Francisco do Sul,Location
2333,Sao Sebastiao,Location
2334,Sao Tome,Location
2335,Sapangar Bay,Location
2336,Sapele,Location
2337,Sarande,Location
2338,Sarikei,Location
2339,Sarnia,Location
2340,Sarroch,Location
2341,Sasebo,Location
2342,Sassnitz,Location
2343,Sattahip,Location
2344,Sauda,Location
2345,Sault Ste. Marie,Location
2346,Savannah,Location
2347,Savona,Location
2348,Savonlinna,Location
2349,Scalloway,Location
2350,Scarborough,Location
2351,Scarborough,Location
2352,Scheveningen,Location
2353,Schiedam,Location
2354,Scrabster,Location
2355,Sea Eagle Terminal,Location
2356,Seaham,Location
2357,Searsport,Location
2358,Seattle,Location
2359,Selaata,Location
2360,Selby,Location
2361,Semangka Bay Terminal,Location
2362,Semarang,Location
2363,Sendai-Shiogama,Location
2364,Senipah Terminal,Location
2365,Sepetiba,Location
2366,Seria Terminal,Location
2367,Serpentina Terminal,Location
2368,Sete,Location
2369,Setubal,Location
2370,Sevastopol,Location
2371,Seven Islands,Location
2372,Seville,Location
2373,Seward,Location
2374,Seydhisfjordur,Location
2375,Sfax,Location
2376,Shakhtersk,Location
2377,Shanghai,Location
2378,Shantou,Location
2379,Shanwei,Location
2380,Sharjah,Location
2381,Sharm el Sheikh,Location
2382,Sharpness,Location
2383,Sheerness,Location
2384,Sheet Harbour,Location
2385,Shekou,Location
2386,Shell Haven,Location
2387,Shengjin,Location
2388,Shibushi,Location
2389,Shidao,Location
2390,Shikama,Location
2391,Shikama,Location
2392,Shilong,Location
2393,Shimizu,Location
2394,Shimonoseki,Location
2395,Shingu,Location
2396,Ship Harbour,Location
2397,Shipu,Location
2398,Shiqiao,Location
2399,Shoreham,Location
2400,Shreveport-Bossier,Location
2401,Shuaiba,Location
2402,Shuidong,Location
2403,Shunde,Location
2404,Siam Seaport,Location
2405,Sibenik,Location
2406,Sibolga,Location
2407,Sibu,Location
2408,Sidi Kerir Terminal,Location
2409,Sidon,Location
2410,Siglufjordur,Location
2411,Sihanoukville,Location
2412,Siilinjarvi,Location
2413,Sikea,Location
2414,Sikka,Location
2415,Sillamae,Location
2416,Silloth,Location
2417,Simonstown,Location
2418,Sines,Location
2419,Singapore,Location
2420,Singkawang,Location
2421,Sinop,Location
2422,Siracusa,Location
2423,Sirri Island,Location
2424,Sisimiut,Location
2425,Sitka,Location
2426,Sitra,Location
2427,Sittwe,Location
2428,Skadovsk,Location
2429,Skaerbaek,Location
2430,Skagen,Location
2431,Skagway,Location
2432,Skelleftea,Location
2433,Skien,Location
2434,Skikda,Location
2435,Skogby,Location
2436,Skoldvik,Location
2437,Skua Terminal,Location
2438,Skudeneshavn,Location
2439,Skulte,Location
2440,Skuru,Location
2441,Skutskar,Location
2442,Slagen,Location
2443,Sligo,Location
2444,Slite,Location
2445,Smalkalden,Location
2446,Smith's Bluff,Location
2447,Sochi,Location
2448,Soderhamn,Location
2449,Soderhamn,Location
2450,Sodertalje,Location
2451,Sohar,Location
2452,Sokhna,Location
2453,Sola,Location
2454,Solvesborg,Location
2455,Soma,Location
2456,Sonderborg,Location
2457,Songjiang,Location
2458,Songjin,Location
2459,Songkhla,Location
2460,Songxia,Location
2461,Songxia,Location
2462,Soraker,Location
2463,Soraker,Location
2464,Sorel,Location
2465,Sorong,Location
2466,Soroosh Terminal,Location
2467,Sour,Location
2468,Souris,Location
2469,Sousse,Location
2470,South Killingholme,Location
2471,South Louisiana,Location
2472,South Riding Point,Location
2473,Southampton,Location
2474,Sovetskaya Gavan,Location
2475,Soyo,Location
2476,Split,Location
2477,Squamish,Location
2478,Sriracha,Location
2479,St. Andrews,Location
2480,St. Bernard,Location
2481,St. Eustatius,Location
2482,St. George's,Location
2483,St. George's,Location
2484,St. Helier,Location
2485,St. John,Location
2486,St. John's,Location
2487,St. John's,Location
2488,St. Louis du Rhone,Location
2489,St. Malo,Location
2490,St. Michiel's Bay,Location
2491,St. Nazaire,Location
2492,St. Paul,Location
2493,St. Peter Port,Location
2494,St. Petersburg,Location
2495,St. Petersburg,Location
2496,St. Pierre,Location
2497,St. Thomas,Location
2498,Stag Terminal,Location
2499,Stamford,Location
2500,Stanley Harbour,Location
2501,Stanlow,Location
2502,Stavanger,Location
2503,Steinkjer,Location
2504,Stenungsund,Location
2505,Stephenville,Location
2506,Stevns Pier,Location
2507,Stewart,Location
2508,Stigsnaesvaerkets Havn,Location
2509,Stockholm,Location
2510,Stockton,Location
2511,Stodhvarfjordur,Location
2512,Stornoway,Location
2513,Storugns,Location
2514,Stralsund,Location
2515,Stranraer,Location
2516,Strasbourg,Location
2517,Straumsvik,Location
2518,Struer,Location
2519,Stubbekobing,Location
2520,Studstrup,Location
2521,Sture,Location
2522,Stylis,Location
2523,Su Tu Den Terminal,Location
2524,Suakin,Location
2525,Suao,Location
2526,Suape,Location
2527,Subic Bay,Location
2528,Suda Bay,Location
2529,Suez,Location
2530,Sukhumi,Location
2531,Sulina,Location
2532,Sullom Voe,Location
2533,Sunderland,Location
2534,Sundsvall,Location
2535,Sungai Udang,Location
2536,Sungei Merah,Location
2537,Sungei Pakning,Location
2538,Sunndalsora,Location
2539,Supe,Location
2540,Supsa Terminal,Location
2541,Sur,Location
2542,Sur,Location
2543,Surabaya,Location
2544,Surigao,Location
2545,Susaki,Location
2546,Sutton Bridge,Location
2547,Suva,Location
2548,Svaneke,Location
2549,Svelgen,Location
2550,Svelvik,Location
2551,Svendborg,Location
2552,Svolvaer,Location
2553,Swansea,Location
2554,Swinoujscie,Location
2555,Sydney,Location
2556,Sydney,Location
2557,Syros,Location
2558,Szczecin,Location
2559,Tabaco,Location
2560,Tachibana,Location
2561,Tacloban,Location
2562,Tacoma,Location
2563,Tadoussac,Location
2564,Taganrog,Location
2565,Tagbiliran,Location
2566,Tagonoura,Location
2567,Taharoa Terminal,Location
2568,Taicang,Location
2569,Taichung,Location
2570,Taipei,Location
2571,Taiping,Location
2572,Taixing,Location
2573,Taizhou,Location
2574,Takamatsu,Location
2575,Takoradi,Location
2576,Takula Terminal,Location
2577,Takuma,Location
2578,Talamone,Location
2579,Talara,Location
2580,Talcahuano,Location
2581,Talisman Terminal,Location
2582,Tallinn,Location
2583,Tammisaari,Location
2584,Tampa,Location
2585,Tampico,Location
2586,Tan Thuan Dong,Location
2587,Tanabe,Location
2588,Tanamo,Location
2589,Tandoc,Location
2590,Tanga,Location
2591,Tangier,Location
2592,Tangier-Mediterranee,Location
2593,Tangshan,Location
2594,Tanjong Manis,Location
2595,Tanjong Salirong,Location
2596,Tanjung Bara,Location
2597,Tanjung Langsat,Location
2598,Tanjung Pandan,Location
2599,Tanjung Pelepas,Location
2600,Tanjung Pemancingan,Location
2601,Tanjung Sekong,Location
2602,Tanjung Uban,Location
2603,Tanjung Wangi,Location
2604,Tantawan Terminal,Location
2605,Tapaktuan,Location
2606,Tarakan,Location
2607,Taranto,Location
2608,Tarfaya,Location
2609,Tarragona,Location
2610,Tartous,Location
2611,Tauranga,Location
2612,Tawau,Location
2613,Tees,Location
2614,Tegal,Location
2615,Teignmouth,Location
2616,Tekirdag,Location
2617,Tell City,Location
2618,Teluk Bayur,Location
2619,Teluk Nibung,Location
2620,Tema,Location
2621,Tembladora,Location
2622,Temryuk,Location
2623,Tenes,Location
2624,Teraina,Location
2625,Terneuzen,Location
2626,Tetney Terminal,Location
2627,Texas City,Location
2628,Thalassery,Location
2629,Thanh Hoa,Location
2630,The Dalles,Location
2631,Theodosia,Location
2632,Thessaloniki,Location
2633,Thevenard,Location
2634,Thi Nai,Location
2635,Thilawa,Location
2636,Thilawa,Location
2637,Thisted,Location
2638,Thorlakshofn,Location
2639,Thorold,Location
2640,Thorshofn,Location
2641,Three Rivers,Location
2642,Thunder Bay,Location
2643,Thursday Island,Location
2644,Tianjiazhen,Location
2645,Tilbury,Location
2646,Timaru,Location
2647,Timbues,Location
2648,Tin Can Island,Location
2649,Tinian Island,Location
2650,Tirebolu,Location
2651,Toamasina,Location
2652,Tobata,Location
2653,Tobruk,Location
2654,Tocopilla,Location
2655,Tokachi,Location
2656,Tokuyama,Location
2657,Tokyo,Location
2658,Tolagnaro,Location
2659,Toledo,Location
2660,Toliary,Location
2661,Tolkkinen,Location
2662,Tomakomai,Location
2663,Tomioka,Location
2664,Tongjiang,Location
2665,Tongling,Location
2666,Tonnay Charente,Location
2667,Tonsberg,Location
2668,Topolobampo,Location
2669,Tornio,Location
2670,Toronto,Location
2671,Torre Annunziata,Location
2672,Torrevieja,Location
2673,Torshavn,Location
2674,Tortola,Location
2675,Totnes,Location
2676,Toulon,Location
2677,Townsville,Location
2678,Toyohashi,Location
2679,Trabzon,Location
2680,Tramandai,Location
2681,Trapani,Location
2682,Treguier,Location
2683,Trelleborg,Location
2684,Trenton,Location
2685,Trieste,Location
2686,Trincomalee,Location
2687,Tripoli,Location
2688,Tripoli,Location
2689,Trombetas,Location
2690,Tromso,Location
2691,Trondheim,Location
2692,Troon,Location
2693,Truro,Location
2694,Tsukumi,Location
2695,Tsuruga,Location
2696,Tuapse,Location
2697,Tuban,Location
2698,Tubarao,Location
2699,Tuktoyaktuk,Location
2700,Tulagi,Location
2701,Tulcea,Location
2702,Tumaco,Location
2703,Tunis,Location
2704,Turbo,Location
2705,Turkmenbashi,Location
2706,Turku,Location
2707,Tutunciftlik,Location
2708,Tuxpan,Location
2709,Tvoroyri,Location
2710,Tyne,Location
2711,Ube,Location
2712,Uchiura,Location
2713,Uddevalla,Location
2714,Uglegorsk,Location
2715,Ullapool,Location
2716,Ulsan,Location
2717,Umatilla,Location
2718,Umea,Location
2719,Umm al Qaiwain,Location
2720,Umm Qasr,Location
2721,Uno,Location
2722,Upernavik,Location
2723,Urangan,Location
2724,Useless Loop,Location
2725,Ushuaia,Location
2726,Ust-Dunaysk,Location
2727,Ust-Luga,Location
2728,Ustka,Location
2729,Utersen,Location
2730,Uummannaq,Location
2731,Uusikaupunki,Location
2732,Vaasa,Location
2733,Vacamonte,Location
2734,Vada,Location
2735,Vadinar Terminal,Location
2736,Vadso,Location
2737,Vagur,Location
2738,Valdez,Location
2739,Valencia,Location
2740,Valentia,Location
2741,Valletta,Location
2742,Valleyfield,Location
2743,Valparaiso,Location
2744,Van Phong Bay,Location
2745,Vancouver,Location
2746,Vancouver,Location
2747,Vanersborg,Location
2748,Vanino,Location
2749,Vannes,Location
2750,Varanus Island Terminal,Location
2751,Varberg,Location
2752,Vardo,Location
2753,Varkaus,Location
2754,Varna,Location
2755,Vassiliko Bay,Location
2756,Vasto,Location
2757,Vat Cach,Location
2758,Vathi,Location
2759,Veitsiluoto,Location
2760,Vejle,Location
2761,Vene-Balti,Location
2762,Venice,Location
2763,Ventspils,Location
2764,Veracruz,Location
2765,Veraval,Location
2766,Vesteras,Location
2767,Vestervik,Location
2768,Vestmanna,Location
2769,Vestmannaeyjar,Location
2770,Viana do Castelo,Location
2771,Victoria,Location
2772,Victoria,Location
2773,Vienna,Location
2774,Vietsovpetro 01 Terminal,Location
2775,Vieux Fort,Location
2776,Vigo,Location
2777,Vila do Conde,Location
2778,Villa Constitucion,Location
2779,Villagarcia,Location
2780,Villanueva,Location
2781,Villanueva y Geltru,Location
2782,Vinh Long,Location
2783,Visakhapatnam,Location
2784,Visby,Location
2785,Vita,Location
2786,Vitino,Location
2787,Vitoria,Location
2788,Vivero,Location
2789,Vlaardingen,Location
2790,Vladivostok,Location
2791,Vlore,Location
2792,Volos,Location
2793,Vopnafjordur,Location
2794,Vordingborg,Location
2795,Vostochnyy,Location
2796,Vung Ang,Location
2797,Vung Tau,Location
2798,Vyborg,Location
2799,Vysotsk,Location
2800,Wadi Feiran Terminal,Location
2801,Wakamatsu,Location
2802,Wakayama,Location
2803,Wakkanai,Location
2804,Wallaroo,Location
2805,Wallhamn,Location
2806,Walvis Bay,Location
2807,Wanganui,Location
2808,Wanzhou,Location
2809,Warrenpoint,Location
2810,Warri,Location
2811,Waterford,Location
2812,Waukegan,Location
2813,Waverley Terminal,Location
2814,Weihai,Location
2815,Weipa,Location
2816,Wellington,Location
2817,Wells,Location
2818,Wenzhou,Location
2819,West Linapacan Terminal,Location
2820,Westport,Location
2821,Westport,Location
2822,Wewak,Location
2823,Weymouth,Location
2824,Weymouth,Location
2825,Whangarei,Location
2826,Whiffen Head,Location
2827,Whitby,Location
2828,Whitstable,Location
2829,Whittier,Location
2830,Whyalla,Location
2831,Wick,Location
2832,Wicklow,Location
2833,Wilhelmshaven,Location
2834,Willemstad,Location
2835,Wilmington (Delaware),Location
2836,Wilmington (North Carolina),Location
2837,Windsor,Location
2838,Winterport,Location
2839,Wisbech,Location
2840,Wismar,Location
2841,Wladyslawowo,Location
2842,Wolgast,Location
2843,Wonsan,Location
2844,Woodfibre,Location
2845,Workington,Location
2846,Wrangell,Location
2847,Wuhan,Location
2848,Wuhu,Location
2849,Wuxue,Location
2850,Wuzhou,Location
2851,Wyandotte,Location
2852,Wyndham,Location
2853,Xiamen,Location
2854,Xiangfan,Location
2855,Xiangtan,Location
2856,Xiaoshan,Location
2857,Xiashi,Location
2858,Xingang,Location
2859,Xingang,Location
2860,Xinhui,Location
2861,Xiuyu,Location
2862,Yabucoa,Location
2863,Yakutat,Location
2864,Yali,Location
2865,Yalta,Location
2866,Yamba,Location
2867,Yampi Sound,Location
2868,Yanbu (Commercial Port),Location
2869,Yanbu (Industrial Port),Location
2870,Yancheng,Location
2871,Yandina,Location
2872,Yangjiang,Location
2873,Yangon,Location
2874,Yangpu,Location
2875,Yangzhou,Location
2876,Yantai,Location
2877,Yantian,Location
2878,Yap,Location
2879,Yarimca,Location
2880,Yarmouth,Location
2881,Yatsushiro,Location
2882,Yawata,Location
2883,Yeisk,Location
2884,Yenikoy,Location
2885,Yerakini,Location
2886,Yevpatoriya,Location
2887,Yibin,Location
2888,Yichang,Location
2889,Yingkou,Location
2890,Yiyang,Location
2891,Ymuiden,Location
2892,Yokkaichi,Location
2893,Yokohama,Location
2894,Yokosuka,Location
2895,Yombo Terminal,Location
2896,Yorktown,Location
2897,Yosu,Location
2898,Yosu,Location
2899,Youghal,Location
2900,Ystad,Location
2901,Yuanjiang,Location
2902,Yukalpeten,Location
2903,Yuzhnyy,Location
2904,Zaafarana Terminal,Location
2905,Zaandam,Location
2906,Zadar,Location
2907,Zafiro Terminal,Location
2908,Zahrani Terminal,Location
2909,Zamboanga,Location
2910,Zante,Location
2911,Zanzibar,Location
2912,Zarate,Location
2913,Zarubino,Location
2914,Zarzis,Location
2915,Zawia Terminal,Location
2916,Zeebrugge,Location
2917,Zeit Bay Terminal,Location
2918,Zhangjiabu,Location
2919,Zhangjiagang,Location
2920,Zhangzhou,Location
2921,Zhanjiang,Location
2922,Zhaoqing,Location
2923,Zhapu,Location
2924,Zhenjiang,Location
2925,Zhongshan,Location
2926,Zhoushan,Location
2927,Zhoushan,Location
2928,Zhuhai,Location
2929,Zhuzhou,Location
2930,Zierikzee,Location
2931,Ziguinchor,Location
2932,Zirku Island,Location
2933,Zonguldak,Location
2934,Zuara,Location
2935,Zueitina Terminal,Location
2936,Common and formal names,Location
2937,A AAA,Location
2938,ZZZ UN member states and observer states ,Location
2939,ZZZAbkhazia  Abkhazia,Location
2940,Afghanistan Islamic Republic of Afghanistan,Location
2941,Albania Republic of Albania,Location
2942,Algeria People's Democratic Republic of Algeria,Location
2943,Andorra Principality of Andorra,Location
2944,Angola Republic of Angola,Location
2945,Antigua and Barbuda,Location
2946,Argentina Argentine Republic[g],Location
2947,Armenia Republic of Armenia,Location
2948,ZZZArtsakh  Artsakh,Location
2949,Australia Commonwealth of Australia,Location
2950,Austria Republic of Austria,Location
2951,Azerbaijan Republic of Azerbaijan,Location
2952,"Bahamas, The Commonwealth of The Bahamas[8]",Location
2953,Bahrain Kingdom of Bahrain,Location
2954,Bangladesh People's Republic of Bangladesh,Location
2955,Barbados,Location
2956,Belarus Republic of Belarus,Location
2957,Belgium Kingdom of Belgium,Location
2958,Belize,Location
2959,Benin Republic of Benin,Location
2960,Bhutan Kingdom of Bhutan,Location
2961,Bolivia Plurinational State of Bolivia,Location
2962,Bosnia and Herzegovina,Location
2963,Botswana Republic of Botswana,Location
2964,Brazil Federative Republic of Brazil,Location
2965,"Brunei Nation of Brunei, the Abode of Peace",Location
2966,Bulgaria Republic of Bulgaria,Location
2967,Burkina Faso,Location
2968,Burma  Myanmar,Location
2969,Burundi Republic of Burundi,Location
2970,Cambodia Kingdom of Cambodia,Location
2971,Cameroon Republic of Cameroon,Location
2972,Canada[h],Location
2973,Cape Verde Republic of Cabo Verde[i],Location
2974,Central African Republic,Location
2975,Chad Republic of Chad,Location
2976,Chile Republic of Chile,Location
2977,China People's Republic of China[j],Location
2978,"China, Republic of  Taiwan",Location
2979,Colombia Republic of Colombia,Location
2980,Comoros Union of the Comoros,Location
2981,"Congo, Democratic Republic of the[n]",Location
2982,"Congo, Republic of the[o]",Location
2983,ZZZCook Islands  Cook Islands,Location
2984,Costa Rica Republic of Costa Rica,Location
2985,Cte d'Ivoire  Ivory Coast,Location
2986,Croatia Republic of Croatia,Location
2987,Cuba Republic of Cuba,Location
2988,Cyprus Republic of Cyprus,Location
2989,Czech Republic[p],Location
2990,"Democratic People's Republic of Korea  Korea, North",Location
2991,"Democratic Republic of the Congo  Congo, Democratic Republic of the",Location
2992,Denmark Kingdom of Denmark,Location
2993,Djibouti Republic of Djibouti,Location
2994,Dominica Commonwealth of Dominica,Location
2995,Dominican Republic,Location
2996,East Timor Democratic Republic of Timor-Leste[r],Location
2997,Ecuador Republic of Ecuador,Location
2998,Egypt Arab Republic of Egypt,Location
2999,El Salvador Republic of El Salvador,Location
3000,Equatorial Guinea Republic of Equatorial Guinea,Location
3001,Eritrea State of Eritrea,Location
3002,Estonia Republic of Estonia,Location
3003,Eswatini Kingdom of Eswatini[s],Location
3004,Ethiopia Federal Democratic Republic of Ethiopia,Location
3005,Fiji Republic of Fiji,Location
3006,Finland Republic of Finland,Location
3007,France French Republic,Location
3008,Gabon Gabonese Republic,Location
3009,"Gambia Gambia, The Republic of The Gambia[17]",Location
3010,Georgia,Location
3011,Germany Federal Republic of Germany,Location
3012,Ghana Republic of Ghana,Location
3013,Greece Hellenic Republic,Location
3014,Grenada,Location
3015,Guatemala Republic of Guatemala,Location
3016,Guinea Republic of Guinea[u],Location
3017,Guinea-Bissau Republic of Guinea-Bissau,Location
3018,Guyana Co-operative Republic of Guyana,Location
3019,Haiti Republic of Haiti,Location
3020,Holy See  Vatican City,Location
3021,Honduras Republic of Honduras,Location
3022,Hungary,Location
3023,Iceland[v],Location
3024,India Republic of India,Location
3025,Indonesia Republic of Indonesia,Location
3026,Iran Islamic Republic of Iran,Location
3027,Iraq Republic of Iraq,Location
3028,Ireland[w],Location
3029,Israel State of Israel,Location
3030,Italy Italian Republic,Location
3031,Ivory Coast Republic of Cte d'Ivoire[x],Location
3032,Jamaica,Location
3033,Japan,Location
3034,Jordan Hashemite Kingdom of Jordan,Location
3035,Kazakhstan Republic of Kazakhstan,Location
3036,Kenya Republic of Kenya,Location
3037,Kiribati Republic of Kiribati,Location
3038,"Korea, North Democratic People's Republic of Korea",Location
3039,"Korea, South Republic of Korea",Location
3040,ZZZKosovo  Kosovo,Location
3041,Kuwait State of Kuwait,Location
3042,Kyrgyzstan Kyrgyz Republic,Location
3043,Laos Lao People's Democratic Republic,Location
3044,Latvia Republic of Latvia,Location
3045,Lebanon Lebanese Republic,Location
3046,Lesotho Kingdom of Lesotho,Location
3047,Liberia Republic of Liberia,Location
3048,Libya State of Libya,Location
3049,Liechtenstein Principality of Liechtenstein,Location
3050,Lithuania Republic of Lithuania,Location
3051,Luxembourg Grand Duchy of Luxembourg,Location
3052,Macedonia  North Macedonia,Location
3053,Madagascar Republic of Madagascar,Location
3054,Malawi Republic of Malawi,Location
3055,Malaysia,Location
3056,Maldives Republic of Maldives,Location
3057,Mali Republic of Mali,Location
3058,Malta Republic of Malta,Location
3059,Marshall Islands Republic of the Marshall Islands,Location
3060,Mauritania Islamic Republic of Mauritania,Location
3061,Mauritius Republic of Mauritius,Location
3062,Mexico United Mexican States,Location
3063,Micronesia Federated States of Micronesia,Location
3064,Moldova Republic of Moldova,Location
3065,Monaco Principality of Monaco,Location
3066,Mongolia,Location
3067,Montenegro,Location
3068,Morocco Kingdom of Morocco,Location
3069,Mozambique Republic of Mozambique,Location
3070,Myanmar Republic of the Union of Myanmar[y],Location
3071,ZZZNagorno-Karabakh  Artsakh,Location
3072,Namibia Republic of Namibia,Location
3073,Nauru Republic of Nauru,Location
3074,Nepal Federal Democratic Republic of Nepal,Location
3075,Netherlands Kingdom of the Netherlands,Location
3076,New Zealand,Location
3077,Nicaragua Republic of Nicaragua,Location
3078,Niger Republic of Niger,Location
3079,Nigeria Federal Republic of Nigeria,Location
3080,ZZZNiue  Niue,Location
3081,"North Korea  Korea, North",Location
3082,North Macedonia Republic of North Macedonia[aa],Location
3083,ZZZNorthern Cyprus  Northern Cyprus,Location
3084,Norway Kingdom of Norway,Location
3085,Oman Sultanate of Oman,Location
3086,Pakistan Islamic Republic of Pakistan,Location
3087,Palau Republic of Palau,Location
3088,Palestine State of Palestine,Location
3089,Panama Republic of Panama,Location
3090,Papua New Guinea Independent State of Papua New Guinea,Location
3091,Paraguay Republic of Paraguay,Location
3092,Peru Republic of Peru,Location
3093,Philippines Republic of the Philippines,Location
3094,Poland Republic of Poland,Location
3095,Portugal Portuguese Republic,Location
3096,Pridnestrovie  Transnistria,Location
3097,Qatar State of Qatar,Location
3098,"Republic of Korea  Korea, South",Location
3099,"Republic of the Congo  Congo, Republic of the",Location
3100,Romania,Location
3101,Russia Russian Federation,Location
3102,Rwanda Republic of Rwanda,Location
3103,ZZZSahrawi Arab Democratic Republic  Sahrawi Arab Democratic Republic,Location
3104,Saint Kitts and Nevis Federation of Saint Christopher and Nevis,Location
3105,Saint Lucia,Location
3106,Saint Vincent and the Grenadines,Location
3107,Samoa Independent State of Samoa,Location
3108,San Marino Republic of San Marino,Location
3109,So Tom and Prncipe Democratic Republic of So Tom and Prncipe,Location
3110,Saudi Arabia Kingdom of Saudi Arabia,Location
3111,Senegal Republic of Senegal,Location
3112,Serbia Republic of Serbia,Location
3113,Seychelles Republic of Seychelles,Location
3114,Sierra Leone Republic of Sierra Leone,Location
3115,Singapore Republic of Singapore,Location
3116,Slovakia Slovak Republic,Location
3117,Slovenia Republic of Slovenia,Location
3118,Solomon Islands,Location
3119,Somalia Federal Republic of Somalia,Location
3120,ZZZSomaliland  Somaliland,Location
3121,South Africa Republic of South Africa,Location
3122,"South Korea  Korea, South",Location
3123,ZZZSouth Ossetia  South Ossetia,Location
3124,South Sudan Republic of South Sudan,Location
3125,Spain Kingdom of Spain,Location
3126,Sri Lanka Democratic Socialist Republic of Sri Lanka[ab],Location
3127,Sudan Republic of the Sudan,Location
3128,"ZZZSudan, South  South Sudan",Location
3129,Suriname Republic of Suriname,Location
3130,Swaziland  Eswatini,Location
3131,Sweden Kingdom of Sweden,Location
3132,Switzerland Swiss Confederation,Location
3133,Syria Syrian Arab Republic,Location
3134,ZZZTaiwan ,Location
3135,Tajikistan Republic of Tajikistan,Location
3136,Tanzania United Republic of Tanzania,Location
3137,Thailand Kingdom of Thailand,Location
3138,"The Bahamas  Bahamas, The",Location
3139,"The Gambia  Gambia, The",Location
3140,Timor-Leste  East Timor,Location
3141,Togo Togolese Republic,Location
3142,Tonga Kingdom of Tonga,Location
3143,ZZZTransnistria  Transnistria,Location
3144,Trinidad and Tobago Republic of Trinidad and Tobago,Location
3145,Tunisia Republic of Tunisia,Location
3146,Turkey Republic of Turkey,Location
3147,Turkmenistan  Republic of Turkmenistan,Location
3148,Tuvalu,Location
3149,Uganda Republic of Uganda,Location
3150,Ukraine,Location
3151,United Arab Emirates,Location
3152,United Kingdom United Kingdom of Great Britain and Northern Ireland,Location
3153,United States United States of America,Location
3154,Uruguay Oriental Republic of Uruguay,Location
3155,Uzbekistan Republic of Uzbekistan,Location
3156,Vanuatu Republic of Vanuatu,Location
3157,Vatican City Vatican City State,Location
3158,Venezuela Bolivarian Republic of Venezuela,Location
3159,Vietnam Socialist Republic of Vietnam,Location
3160,Yemen Republic of Yemen,Location
3161,Zambia Republic of Zambia,Location
3162,Zimbabwe Republic of Zimbabwe,Location
3163,ZZZ UN member states and observer states ,Location
3164,ZZZ,Location
3165,ZZZ Other states ,Location
3166,Abkhazia Republic of Abkhazia,Location
3167,Artsakh Republic of Artsakh[ac],Location
3168,Cook Islands,Location
3169,Kosovo Republic of Kosovo,Location
3170,Niue,Location
3171,Northern Cyprus Turkish Republic of Northern Cyprus,Location
3172,Sahrawi Arab Democratic Republic,Location
3173,Somaliland Republic of Somaliland,Location
3174,South Ossetia Republic of South Ossetiathe State of Alania,Location
3175,Taiwan Republic of China[j],Location
3176,Transnistria Pridnestrovian Moldavian Republic,Location
3177,ZZZ Other states ,Location
3178,ZZZZ,Location
